break_id,date,asset,source,break_type,severity,field,observed_value,benchmark_value,abs_diff_pct,action,likely_cause,blocks_source_value,details
BRK-0001,,BTCUSD,coinbase,volume_unit_inference,medium,volume,,,,normalized_for_comparison_only; avoid_as_primary_volume_when_base_unit_source_exists,source_volume_appears_to_be_quote_usd_not_base_units,False,Inference is based on scale: volume/close is comparable to base-volume venues. Exact base volume would require a VWAP or source metadata.
BRK-0002,,BTCUSD,kraken,out_of_order_dates,low,,,,,sorted_by_normalized_date,source_file_ordering_quirk,False,Raw date sequence is not monotonic; rows are sorted during normalization.
BRK-0003,2026-01-02,BTCUSD,binance,material_close_disagreement,medium,close,90383.62000000,92448.33000000,2.2334,not_used_without_independent_corroboration,session_boundary_or_stale_value_possible,False,Absolute deviation from robust cross-source median exceeds 0.50%.
BRK-0004,2026-01-02,BTCUSD,binance,repeated_full_candle,medium,,,,,retained_for_reconciliation_but_not_preferred,possible_stale_or_carried_forward_record,False,OHLC and volume exactly repeat the prior calendar day.
BRK-0005,2026-01-03,BTCUSD,binance,material_close_disagreement,medium,close,92425.66000000,90504.19000000,2.1231,not_used_without_independent_corroboration,session_boundary_or_stale_value_possible,False,Absolute deviation from robust cross-source median exceeds 0.50%.
BRK-0006,2026-01-04,BTCUSD,binance,material_close_disagreement,medium,close,90457.85000000,89783.58500000,0.7510,not_used_without_independent_corroboration,session_boundary_or_stale_value_possible,False,Absolute deviation from robust cross-source median exceeds 0.50%.
BRK-0007,2026-01-06,BTCUSD,binance,material_close_disagreement,medium,close,89698.77000000,88015.87500000,1.9120,not_used_without_independent_corroboration,session_boundary_or_stale_value_possible,False,Absolute deviation from robust cross-source median exceeds 0.50%.
BRK-0008,2026-01-07,BTCUSD,binance,material_close_disagreement,medium,close,87949.51000000,93222.70500000,5.6566,not_used_without_independent_corroboration,session_boundary_or_stale_value_possible,False,Absolute deviation from robust cross-source median exceeds 0.50%.
BRK-0009,2026-01-08,BTCUSD,binance,material_close_disagreement,medium,close,93223.12000000,96596.57000000,3.4923,not_used_without_independent_corroboration,session_boundary_or_stale_value_possible,False,Absolute deviation from robust cross-source median exceeds 0.50%.
BRK-0010,2026-01-09,BTCUSD,binance,material_close_disagreement,medium,close,96537.33000000,98284.20000000,1.7774,not_used_without_independent_corroboration,session_boundary_or_stale_value_possible,False,Absolute deviation from robust cross-source median exceeds 0.50%.
BRK-0011,2026-01-10,BTCUSD,binance,material_close_disagreement,medium,close,98272.37000000,96938.12000000,1.3764,not_used_without_independent_corroboration,session_boundary_or_stale_value_possible,False,Absolute deviation from robust cross-source median exceeds 0.50%.
BRK-0012,2026-01-11,BTCUSD,binance,material_close_disagreement,medium,close,96916.93000000,95587.66500000,1.3906,not_used_without_independent_corroboration,session_boundary_or_stale_value_possible,False,Absolute deviation from robust cross-source median exceeds 0.50%.
BRK-0013,2026-01-14,BTCUSD,binance,material_close_disagreement,medium,close,95300.28000000,95972.84000000,0.7008,not_used_without_independent_corroboration,session_boundary_or_stale_value_possible,False,Absolute deviation from robust cross-source median exceeds 0.50%.
BRK-0014,2026-01-16,BTCUSD,binance,material_close_disagreement,medium,close,96453.48000000,95349.53500000,1.1578,not_used_without_independent_corroboration,session_boundary_or_stale_value_possible,False,Absolute deviation from robust cross-source median exceeds 0.50%.
BRK-0015,2026-01-17,BTCUSD,binance,material_close_disagreement,medium,close,95286.11000000,98440.45000000,3.2043,not_used_without_independent_corroboration,session_boundary_or_stale_value_possible,False,Absolute deviation from robust cross-source median exceeds 0.50%.
BRK-0016,2026-01-18,BTCUSD,binance,material_close_disagreement,medium,close,98420.39000000,97889.64000000,0.5422,not_used_without_independent_corroboration,session_boundary_or_stale_value_possible,False,Absolute deviation from robust cross-source median exceeds 0.50%.
BRK-0017,2026-01-19,BTCUSD,binance,exact_duplicate_row,medium,,,,,dropped_exact_duplicate_keep_first,duplicate_ingestion_or_file_append,False,Exact duplicate raw row removed idempotently.
BRK-0018,2026-01-19,BTCUSD,binance,material_close_disagreement,medium,close,97794.54000000,94801.61500000,3.1570,not_used_without_independent_corroboration,session_boundary_or_stale_value_possible,False,Absolute deviation from robust cross-source median exceeds 0.50%.
BRK-0019,2026-01-20,BTCUSD,binance,material_close_disagreement,medium,close,94728.98000000,99187.80500000,4.4953,not_used_without_independent_corroboration,session_boundary_or_stale_value_possible,False,Absolute deviation from robust cross-source median exceeds 0.50%.
BRK-0020,2026-01-21,BTCUSD,binance,material_close_disagreement,medium,close,99163.18000000,98427.17000000,0.7478,not_used_without_independent_corroboration,session_boundary_or_stale_value_possible,False,Absolute deviation from robust cross-source median exceeds 0.50%.
BRK-0021,2026-01-22,BTCUSD,binance,material_close_disagreement,medium,close,98350.79000000,95357.70000000,3.1388,not_used_without_independent_corroboration,session_boundary_or_stale_value_possible,False,Absolute deviation from robust cross-source median exceeds 0.50%.
BRK-0022,2026-01-23,BTCUSD,binance,material_close_disagreement,medium,close,95349.98000000,94660.29000000,0.7286,not_used_without_independent_corroboration,session_boundary_or_stale_value_possible,False,Absolute deviation from robust cross-source median exceeds 0.50%.
BRK-0023,2026-01-25,BTCUSD,binance,material_close_disagreement,medium,close,94679.86000000,93425.29500000,1.3429,not_used_without_independent_corroboration,session_boundary_or_stale_value_possible,False,Absolute deviation from robust cross-source median exceeds 0.50%.
BRK-0024,2026-01-26,BTCUSD,binance,material_close_disagreement,medium,close,93344.53000000,89992.02000000,3.7253,not_used_without_independent_corroboration,session_boundary_or_stale_value_possible,False,Absolute deviation from robust cross-source median exceeds 0.50%.
BRK-0025,2026-01-27,BTCUSD,binance,material_close_disagreement,medium,close,89909.27000000,88304.61500000,1.8172,not_used_without_independent_corroboration,session_boundary_or_stale_value_possible,False,Absolute deviation from robust cross-source median exceeds 0.50%.
BRK-0026,2026-01-28,BTCUSD,binance,material_close_disagreement,medium,close,88239.21000000,86844.10000000,1.6065,not_used_without_independent_corroboration,session_boundary_or_stale_value_possible,False,Absolute deviation from robust cross-source median exceeds 0.50%.
BRK-0027,2026-01-29,BTCUSD,binance,material_close_disagreement,medium,close,86828.96000000,89453.29500000,2.9337,not_used_without_independent_corroboration,session_boundary_or_stale_value_possible,False,Absolute deviation from robust cross-source median exceeds 0.50%.
BRK-0028,2026-01-30,BTCUSD,binance,gross_price_outlier,critical,close,849849.19000000,90905.72000000,834.8688,not_used_without_independent_corroboration,session_boundary_or_stale_value_possible,False,Absolute deviation from robust cross-source median exceeds 0.50%.
BRK-0029,2026-01-31,BTCUSD,binance,material_close_disagreement,medium,close,90871.64000000,90056.24500000,0.9054,not_used_without_independent_corroboration,session_boundary_or_stale_value_possible,False,Absolute deviation from robust cross-source median exceeds 0.50%.
BRK-0030,2026-02-01,BTCUSD,binance,material_close_disagreement,medium,close,89971.35000000,88112.48000000,2.1097,not_used_without_independent_corroboration,session_boundary_or_stale_value_possible,False,Absolute deviation from robust cross-source median exceeds 0.50%.
BRK-0031,2026-02-03,BTCUSD,binance,material_close_disagreement,medium,close,87576.15000000,89537.54000000,2.1906,not_used_without_independent_corroboration,session_boundary_or_stale_value_possible,False,Absolute deviation from robust cross-source median exceeds 0.50%.
BRK-0032,2026-02-04,BTCUSD,binance,material_close_disagreement,medium,close,89546.66000000,90803.33500000,1.3840,not_used_without_independent_corroboration,session_boundary_or_stale_value_possible,False,Absolute deviation from robust cross-source median exceeds 0.50%.
BRK-0033,2026-02-05,BTCUSD,binance,material_close_disagreement,medium,close,90750.56000000,92513.88500000,1.9060,not_used_without_independent_corroboration,session_boundary_or_stale_value_possible,False,Absolute deviation from robust cross-source median exceeds 0.50%.
BRK-0034,2026-02-06,BTCUSD,binance,material_close_disagreement,medium,close,92501.53000000,92036.65500000,0.5051,not_used_without_independent_corroboration,session_boundary_or_stale_value_possible,False,Absolute deviation from robust cross-source median exceeds 0.50%.
BRK-0035,2026-02-08,BTCUSD,binance,material_close_disagreement,medium,close,91617.30000000,89464.49500000,2.4063,not_used_without_independent_corroboration,session_boundary_or_stale_value_possible,False,Absolute deviation from robust cross-source median exceeds 0.50%.
BRK-0036,2026-02-09,BTCUSD,binance,material_close_disagreement,medium,close,89405.61000000,88443.56500000,1.0878,not_used_without_independent_corroboration,session_boundary_or_stale_value_possible,False,Absolute deviation from robust cross-source median exceeds 0.50%.
BRK-0037,2026-02-11,BTCUSD,binance,material_close_disagreement,medium,close,88526.75000000,86208.96500000,2.6886,not_used_without_independent_corroboration,session_boundary_or_stale_value_possible,False,Absolute deviation from robust cross-source median exceeds 0.50%.
BRK-0038,2026-02-13,BTCUSD,binance,material_close_disagreement,medium,close,85890.23000000,89009.60000000,3.5045,not_used_without_independent_corroboration,session_boundary_or_stale_value_possible,False,Absolute deviation from robust cross-source median exceeds 0.50%.
BRK-0039,2026-02-14,BTCUSD,binance,material_close_disagreement,medium,close,88969.77000000,88114.64000000,0.9705,not_used_without_independent_corroboration,session_boundary_or_stale_value_possible,False,Absolute deviation from robust cross-source median exceeds 0.50%.
BRK-0040,2026-02-15,BTCUSD,binance,material_close_disagreement,medium,close,88059.87000000,85910.84000000,2.5015,not_used_without_independent_corroboration,session_boundary_or_stale_value_possible,False,Absolute deviation from robust cross-source median exceeds 0.50%.
BRK-0041,2026-02-16,BTCUSD,binance,exact_duplicate_row,medium,,,,,dropped_exact_duplicate_keep_first,duplicate_ingestion_or_file_append,False,Exact duplicate raw row removed idempotently.
BRK-0042,2026-02-16,BTCUSD,binance,material_close_disagreement,medium,close,85852.80000000,86678.03500000,0.9521,not_used_without_independent_corroboration,session_boundary_or_stale_value_possible,False,Absolute deviation from robust cross-source median exceeds 0.50%.
BRK-0043,2026-02-17,BTCUSD,binance,material_close_disagreement,medium,close,86651.74000000,90278.23000000,4.0170,not_used_without_independent_corroboration,session_boundary_or_stale_value_possible,False,Absolute deviation from robust cross-source median exceeds 0.50%.
BRK-0044,2026-02-18,BTCUSD,binance,material_close_disagreement,medium,close,90243.41000000,88901.47500000,1.5095,not_used_without_independent_corroboration,session_boundary_or_stale_value_possible,False,Absolute deviation from robust cross-source median exceeds 0.50%.
BRK-0045,2026-02-19,BTCUSD,binance,material_close_disagreement,medium,close,88872.68000000,87268.22500000,1.8385,not_used_without_independent_corroboration,session_boundary_or_stale_value_possible,False,Absolute deviation from robust cross-source median exceeds 0.50%.
BRK-0046,2026-02-20,BTCUSD,binance,material_close_disagreement,medium,close,87219.28000000,85031.69000000,2.5727,not_used_without_independent_corroboration,session_boundary_or_stale_value_possible,False,Absolute deviation from robust cross-source median exceeds 0.50%.
BRK-0047,2026-02-22,BTCUSD,binance,material_close_disagreement,medium,close,84796.70000000,81885.04000000,3.5558,not_used_without_independent_corroboration,session_boundary_or_stale_value_possible,False,Absolute deviation from robust cross-source median exceeds 0.50%.
BRK-0048,2026-02-23,BTCUSD,binance,material_close_disagreement,medium,close,81830.30000000,83706.26500000,2.2411,not_used_without_independent_corroboration,session_boundary_or_stale_value_possible,False,Absolute deviation from robust cross-source median exceeds 0.50%.
BRK-0049,2026-02-24,BTCUSD,binance,material_close_disagreement,medium,close,83660.19000000,81271.47500000,2.9392,not_used_without_independent_corroboration,session_boundary_or_stale_value_possible,False,Absolute deviation from robust cross-source median exceeds 0.50%.
BRK-0050,2026-02-25,BTCUSD,binance,material_close_disagreement,medium,close,81208.51000000,80233.67500000,1.2150,not_used_without_independent_corroboration,session_boundary_or_stale_value_possible,False,Absolute deviation from robust cross-source median exceeds 0.50%.
BRK-0051,2026-02-25,BTCUSD,kraken,invalid_ohlc,critical,ohlc,O=81270.92;H=79086.01;L=81499.18;C=80232.76,,,blocked_as_price_source_for_date,high_below_low,True,Candle fails automatic price validity rules.
BRK-0052,2026-02-26,BTCUSD,binance,material_close_disagreement,medium,close,80205.07000000,79083.63000000,1.4180,not_used_without_independent_corroboration,session_boundary_or_stale_value_possible,False,Absolute deviation from robust cross-source median exceeds 0.50%.
BRK-0053,2026-02-27,BTCUSD,binance,material_close_disagreement,medium,close,79043.68000000,78045.61500000,1.2788,not_used_without_independent_corroboration,session_boundary_or_stale_value_possible,False,Absolute deviation from robust cross-source median exceeds 0.50%.
BRK-0054,2026-02-28,BTCUSD,binance,material_close_disagreement,medium,close,77977.00000000,79295.87000000,1.6632,not_used_without_independent_corroboration,session_boundary_or_stale_value_possible,False,Absolute deviation from robust cross-source median exceeds 0.50%.
BRK-0055,2026-03-04,BTCUSD,coinbase,missing_date,high,,,,,source_unavailable_for_date; rely_on_other_valid_sources,source_gap_or_failed_ingestion,True,Date is present in the union calendar but absent from this source.
BRK-0056,2026-03-05,BTCUSD,coinbase,missing_date,high,,,,,source_unavailable_for_date; rely_on_other_valid_sources,source_gap_or_failed_ingestion,True,Date is present in the union calendar but absent from this source.
BRK-0057,2026-03-06,BTCUSD,coinbase,missing_date,high,,,,,source_unavailable_for_date; rely_on_other_valid_sources,source_gap_or_failed_ingestion,True,Date is present in the union calendar but absent from this source.
BRK-0058,2026-03-07,BTCUSD,coinbase,missing_date,high,,,,,source_unavailable_for_date; rely_on_other_valid_sources,source_gap_or_failed_ingestion,True,Date is present in the union calendar but absent from this source.
BRK-0059,2026-03-08,BTCUSD,coinbase,missing_date,high,,,,,source_unavailable_for_date; rely_on_other_valid_sources,source_gap_or_failed_ingestion,True,Date is present in the union calendar but absent from this source.
BRK-0060,2026-03-09,BTCUSD,coinbase,missing_date,high,,,,,source_unavailable_for_date; rely_on_other_valid_sources,source_gap_or_failed_ingestion,True,Date is present in the union calendar but absent from this source.
BRK-0061,2026-03-10,BTCUSD,binance,invalid_ohlc,critical,ohlc,O=76563.71;H=9070.85;L=75161.96;C=75590.43,,,blocked_as_price_source_for_date,high_below_low,False,Candle fails automatic price validity rules.
BRK-0062,2026-03-10,BTCUSD,coinbase,missing_date,high,,,,,source_unavailable_for_date; rely_on_other_valid_sources,source_gap_or_failed_ingestion,True,Date is present in the union calendar but absent from this source.
BRK-0063,2026-03-23,BTCUSD,binance,exact_duplicate_row,medium,,,,,dropped_exact_duplicate_keep_first,duplicate_ingestion_or_file_append,False,Exact duplicate raw row removed idempotently.
BRK-0064,2026-04-08,BTCUSD,coinbase,invalid_ohlc,critical,ohlc,O=71138.66;H=71531.95;L=70884.0;C=0.0,,,blocked_as_price_source_for_date,nonpositive_price,False,Candle fails automatic price validity rules.
BRK-0065,2026-04-11,BTCUSD,reference,material_close_disagreement,medium,close,72620.86000000,71548.42000000,1.4989,not_used_without_independent_corroboration,reference_feed_outlier_likely_if_venues_agree,False,Absolute deviation from robust cross-source median exceeds 0.50%.
BRK-0066,,ETHUSD,coinbase,volume_unit_inference,medium,volume,,,,normalized_for_comparison_only; avoid_as_primary_volume_when_base_unit_source_exists,source_volume_appears_to_be_quote_usd_not_base_units,False,Inference is based on scale: volume/close is comparable to base-volume venues. Exact base volume would require a VWAP or source metadata.
BRK-0067,,ETHUSD,kraken,out_of_order_dates,low,,,,,sorted_by_normalized_date,source_file_ordering_quirk,False,Raw date sequence is not monotonic; rows are sorted during normalization.
BRK-0068,2026-01-02,ETHUSD,binance,material_close_disagreement,medium,close,3252.43000000,3285.48500000,1.0061,not_used_without_independent_corroboration,session_boundary_or_stale_value_possible,False,Absolute deviation from robust cross-source median exceeds 0.50%.
BRK-0069,2026-01-02,ETHUSD,binance,repeated_full_candle,medium,,,,,retained_for_reconciliation_but_not_preferred,possible_stale_or_carried_forward_record,False,OHLC and volume exactly repeat the prior calendar day.
BRK-0070,2026-01-03,ETHUSD,binance,material_close_disagreement,medium,close,3285.34000000,3118.70500000,5.3431,not_used_without_independent_corroboration,session_boundary_or_stale_value_possible,False,Absolute deviation from robust cross-source median exceeds 0.50%.
BRK-0071,2026-01-04,ETHUSD,binance,material_close_disagreement,medium,close,3119.11000000,3098.02500000,0.6806,not_used_without_independent_corroboration,session_boundary_or_stale_value_possible,False,Absolute deviation from robust cross-source median exceeds 0.50%.
BRK-0072,2026-01-05,ETHUSD,binance,material_close_disagreement,medium,close,3098.85000000,3236.28000000,4.2465,not_used_without_independent_corroboration,session_boundary_or_stale_value_possible,False,Absolute deviation from robust cross-source median exceeds 0.50%.
BRK-0073,2026-01-06,ETHUSD,binance,material_close_disagreement,medium,close,3238.65000000,3174.09500000,2.0338,not_used_without_independent_corroboration,session_boundary_or_stale_value_possible,False,Absolute deviation from robust cross-source median exceeds 0.50%.
BRK-0074,2026-01-07,ETHUSD,binance,material_close_disagreement,medium,close,3174.58000000,3128.93000000,1.4590,not_used_without_independent_corroboration,session_boundary_or_stale_value_possible,False,Absolute deviation from robust cross-source median exceeds 0.50%.
BRK-0075,2026-01-08,ETHUSD,binance,material_close_disagreement,medium,close,3130.40000000,3216.24000000,2.6690,not_used_without_independent_corroboration,session_boundary_or_stale_value_possible,False,Absolute deviation from robust cross-source median exceeds 0.50%.
BRK-0076,2026-01-09,ETHUSD,binance,material_close_disagreement,medium,close,3217.91000000,3199.23000000,0.5839,not_used_without_independent_corroboration,session_boundary_or_stale_value_possible,False,Absolute deviation from robust cross-source median exceeds 0.50%.
BRK-0077,2026-01-10,ETHUSD,binance,material_close_disagreement,medium,close,3199.72000000,3247.38000000,1.4676,not_used_without_independent_corroboration,session_boundary_or_stale_value_possible,False,Absolute deviation from robust cross-source median exceeds 0.50%.
BRK-0078,2026-01-11,ETHUSD,binance,material_close_disagreement,medium,close,3248.56000000,3121.15000000,4.0821,not_used_without_independent_corroboration,session_boundary_or_stale_value_possible,False,Absolute deviation from robust cross-source median exceeds 0.50%.
BRK-0079,2026-01-12,ETHUSD,binance,material_close_disagreement,medium,close,3122.47000000,3031.91000000,2.9869,not_used_without_independent_corroboration,session_boundary_or_stale_value_possible,False,Absolute deviation from robust cross-source median exceeds 0.50%.
BRK-0080,2026-01-13,ETHUSD,binance,material_close_disagreement,medium,close,3033.77000000,3066.82500000,1.0778,not_used_without_independent_corroboration,session_boundary_or_stale_value_possible,False,Absolute deviation from robust cross-source median exceeds 0.50%.
BRK-0081,2026-01-14,ETHUSD,binance,material_close_disagreement,medium,close,3069.07000000,3032.83500000,1.1948,not_used_without_independent_corroboration,session_boundary_or_stale_value_possible,False,Absolute deviation from robust cross-source median exceeds 0.50%.
BRK-0082,2026-01-15,ETHUSD,binance,material_close_disagreement,medium,close,3032.31000000,3164.64000000,4.1815,not_used_without_independent_corroboration,session_boundary_or_stale_value_possible,False,Absolute deviation from robust cross-source median exceeds 0.50%.
BRK-0083,2026-01-16,ETHUSD,binance,material_close_disagreement,medium,close,3164.08000000,3126.83500000,1.1911,not_used_without_independent_corroboration,session_boundary_or_stale_value_possible,False,Absolute deviation from robust cross-source median exceeds 0.50%.
BRK-0084,2026-01-18,ETHUSD,binance,material_close_disagreement,medium,close,3132.34000000,3111.72000000,0.6627,not_used_without_independent_corroboration,session_boundary_or_stale_value_possible,False,Absolute deviation from robust cross-source median exceeds 0.50%.
BRK-0085,2026-01-19,ETHUSD,binance,exact_duplicate_row,medium,,,,,dropped_exact_duplicate_keep_first,duplicate_ingestion_or_file_append,False,Exact duplicate raw row removed idempotently.
BRK-0086,2026-01-19,ETHUSD,binance,material_close_disagreement,medium,close,3109.83000000,3159.66000000,1.5771,not_used_without_independent_corroboration,session_boundary_or_stale_value_possible,False,Absolute deviation from robust cross-source median exceeds 0.50%.
BRK-0087,2026-01-20,ETHUSD,binance,material_close_disagreement,medium,close,3160.50000000,3062.77500000,3.1907,not_used_without_independent_corroboration,session_boundary_or_stale_value_possible,False,Absolute deviation from robust cross-source median exceeds 0.50%.
BRK-0088,2026-01-21,ETHUSD,binance,material_close_disagreement,medium,close,3062.30000000,3085.62000000,0.7558,not_used_without_independent_corroboration,session_boundary_or_stale_value_possible,False,Absolute deviation from robust cross-source median exceeds 0.50%.
BRK-0089,2026-01-22,ETHUSD,binance,material_close_disagreement,medium,close,3086.46000000,3017.29500000,2.2923,not_used_without_independent_corroboration,session_boundary_or_stale_value_possible,False,Absolute deviation from robust cross-source median exceeds 0.50%.
BRK-0090,2026-01-23,ETHUSD,binance,material_close_disagreement,medium,close,3016.87000000,3044.82500000,0.9181,not_used_without_independent_corroboration,session_boundary_or_stale_value_possible,False,Absolute deviation from robust cross-source median exceeds 0.50%.
BRK-0091,2026-01-24,ETHUSD,binance,material_close_disagreement,medium,close,3046.45000000,2971.84500000,2.5104,not_used_without_independent_corroboration,session_boundary_or_stale_value_possible,False,Absolute deviation from robust cross-source median exceeds 0.50%.
BRK-0092,2026-01-25,ETHUSD,binance,material_close_disagreement,medium,close,2971.60000000,3071.38000000,3.2487,not_used_without_independent_corroboration,session_boundary_or_stale_value_possible,False,Absolute deviation from robust cross-source median exceeds 0.50%.
BRK-0093,2026-01-26,ETHUSD,binance,material_close_disagreement,medium,close,3071.58000000,2944.93500000,4.3004,not_used_without_independent_corroboration,session_boundary_or_stale_value_possible,False,Absolute deviation from robust cross-source median exceeds 0.50%.
BRK-0094,2026-01-27,ETHUSD,binance,material_close_disagreement,medium,close,2946.21000000,2981.21000000,1.1740,not_used_without_independent_corroboration,session_boundary_or_stale_value_possible,False,Absolute deviation from robust cross-source median exceeds 0.50%.
BRK-0095,2026-01-28,ETHUSD,binance,material_close_disagreement,medium,close,2980.82000000,3054.06000000,2.3981,not_used_without_independent_corroboration,session_boundary_or_stale_value_possible,False,Absolute deviation from robust cross-source median exceeds 0.50%.
BRK-0096,2026-01-29,ETHUSD,binance,material_close_disagreement,medium,close,3055.97000000,2925.05000000,4.4758,not_used_without_independent_corroboration,session_boundary_or_stale_value_possible,False,Absolute deviation from robust cross-source median exceeds 0.50%.
BRK-0097,2026-01-30,ETHUSD,binance,gross_price_outlier,critical,close,27792.54000000,2915.14500000,853.3845,not_used_without_independent_corroboration,session_boundary_or_stale_value_possible,False,Absolute deviation from robust cross-source median exceeds 0.50%.
BRK-0098,2026-01-31,ETHUSD,binance,material_close_disagreement,medium,close,2915.36000000,2935.76500000,0.6950,not_used_without_independent_corroboration,session_boundary_or_stale_value_possible,False,Absolute deviation from robust cross-source median exceeds 0.50%.
BRK-0099,2026-02-01,ETHUSD,binance,material_close_disagreement,medium,close,2936.52000000,2998.52000000,2.0677,not_used_without_independent_corroboration,session_boundary_or_stale_value_possible,False,Absolute deviation from robust cross-source median exceeds 0.50%.
BRK-0100,2026-02-02,ETHUSD,binance,material_close_disagreement,medium,close,2999.28000000,3017.25500000,0.5957,not_used_without_independent_corroboration,session_boundary_or_stale_value_possible,False,Absolute deviation from robust cross-source median exceeds 0.50%.
BRK-0101,2026-02-03,ETHUSD,binance,material_close_disagreement,medium,close,3018.32000000,3088.26000000,2.2647,not_used_without_independent_corroboration,session_boundary_or_stale_value_possible,False,Absolute deviation from robust cross-source median exceeds 0.50%.
BRK-0102,2026-02-07,ETHUSD,binance,material_close_disagreement,medium,close,3076.63000000,3152.51500000,2.4071,not_used_without_independent_corroboration,session_boundary_or_stale_value_possible,False,Absolute deviation from robust cross-source median exceeds 0.50%.
BRK-0103,2026-02-08,ETHUSD,binance,material_close_disagreement,medium,close,3154.38000000,3214.98000000,1.8849,not_used_without_independent_corroboration,session_boundary_or_stale_value_possible,False,Absolute deviation from robust cross-source median exceeds 0.50%.
BRK-0104,2026-02-09,ETHUSD,binance,material_close_disagreement,medium,close,3216.20000000,3179.99500000,1.1385,not_used_without_independent_corroboration,session_boundary_or_stale_value_possible,False,Absolute deviation from robust cross-source median exceeds 0.50%.
BRK-0105,2026-02-10,ETHUSD,binance,material_close_disagreement,medium,close,3181.56000000,3237.72000000,1.7346,not_used_without_independent_corroboration,session_boundary_or_stale_value_possible,False,Absolute deviation from robust cross-source median exceeds 0.50%.
BRK-0106,2026-02-13,ETHUSD,binance,material_close_disagreement,medium,close,3270.33000000,3167.76500000,3.2378,not_used_without_independent_corroboration,session_boundary_or_stale_value_possible,False,Absolute deviation from robust cross-source median exceeds 0.50%.
BRK-0107,2026-02-14,ETHUSD,binance,material_close_disagreement,medium,close,3168.63000000,3148.79000000,0.6301,not_used_without_independent_corroboration,session_boundary_or_stale_value_possible,False,Absolute deviation from robust cross-source median exceeds 0.50%.
BRK-0108,2026-02-16,ETHUSD,binance,exact_duplicate_row,medium,,,,,dropped_exact_duplicate_keep_first,duplicate_ingestion_or_file_append,False,Exact duplicate raw row removed idempotently.
BRK-0109,2026-02-16,ETHUSD,binance,material_close_disagreement,medium,close,3155.61000000,3032.40500000,4.0629,not_used_without_independent_corroboration,session_boundary_or_stale_value_possible,False,Absolute deviation from robust cross-source median exceeds 0.50%.
BRK-0110,2026-02-17,ETHUSD,binance,material_close_disagreement,medium,close,3033.53000000,3000.60000000,1.0974,not_used_without_independent_corroboration,session_boundary_or_stale_value_possible,False,Absolute deviation from robust cross-source median exceeds 0.50%.
BRK-0111,2026-02-18,ETHUSD,binance,material_close_disagreement,medium,close,3000.86000000,3038.66000000,1.2440,not_used_without_independent_corroboration,session_boundary_or_stale_value_possible,False,Absolute deviation from robust cross-source median exceeds 0.50%.
BRK-0112,2026-02-19,ETHUSD,binance,material_close_disagreement,medium,close,3039.99000000,3121.26000000,2.6038,not_used_without_independent_corroboration,session_boundary_or_stale_value_possible,False,Absolute deviation from robust cross-source median exceeds 0.50%.
BRK-0113,2026-02-20,ETHUSD,binance,material_close_disagreement,medium,close,3122.55000000,3046.74500000,2.4881,not_used_without_independent_corroboration,session_boundary_or_stale_value_possible,False,Absolute deviation from robust cross-source median exceeds 0.50%.
BRK-0114,2026-02-21,ETHUSD,binance,material_close_disagreement,medium,close,3045.70000000,2905.72500000,4.8172,not_used_without_independent_corroboration,session_boundary_or_stale_value_possible,False,Absolute deviation from robust cross-source median exceeds 0.50%.
BRK-0115,2026-02-23,ETHUSD,binance,material_close_disagreement,medium,close,2912.83000000,2988.37500000,2.5280,not_used_without_independent_corroboration,session_boundary_or_stale_value_possible,False,Absolute deviation from robust cross-source median exceeds 0.50%.
BRK-0116,2026-02-24,ETHUSD,binance,material_close_disagreement,medium,close,2988.18000000,2942.49500000,1.5526,not_used_without_independent_corroboration,session_boundary_or_stale_value_possible,False,Absolute deviation from robust cross-source median exceeds 0.50%.
BRK-0117,2026-02-25,ETHUSD,binance,material_close_disagreement,medium,close,2941.40000000,3002.29000000,2.0281,not_used_without_independent_corroboration,session_boundary_or_stale_value_possible,False,Absolute deviation from robust cross-source median exceeds 0.50%.
BRK-0118,2026-02-25,ETHUSD,kraken,invalid_ohlc,critical,ohlc,O=2942.06;H=2937.86;L=3066.09;C=3001.67,,,blocked_as_price_source_for_date,high_below_low,True,Candle fails automatic price validity rules.
BRK-0119,2026-02-27,ETHUSD,binance,material_close_disagreement,medium,close,2989.05000000,3096.34500000,3.4652,not_used_without_independent_corroboration,session_boundary_or_stale_value_possible,False,Absolute deviation from robust cross-source median exceeds 0.50%.
BRK-0120,2026-02-28,ETHUSD,binance,material_close_disagreement,medium,close,3097.31000000,3120.04500000,0.7287,not_used_without_independent_corroboration,session_boundary_or_stale_value_possible,False,Absolute deviation from robust cross-source median exceeds 0.50%.
BRK-0121,2026-03-01,ETHUSD,binance,material_close_disagreement,medium,close,3120.39000000,3100.39000000,0.6451,not_used_without_independent_corroboration,session_boundary_or_stale_value_possible,False,Absolute deviation from robust cross-source median exceeds 0.50%.
BRK-0122,2026-03-04,ETHUSD,coinbase,missing_date,high,,,,,source_unavailable_for_date; rely_on_other_valid_sources,source_gap_or_failed_ingestion,True,Date is present in the union calendar but absent from this source.
BRK-0123,2026-03-05,ETHUSD,coinbase,missing_date,high,,,,,source_unavailable_for_date; rely_on_other_valid_sources,source_gap_or_failed_ingestion,True,Date is present in the union calendar but absent from this source.
BRK-0124,2026-03-06,ETHUSD,coinbase,missing_date,high,,,,,source_unavailable_for_date; rely_on_other_valid_sources,source_gap_or_failed_ingestion,True,Date is present in the union calendar but absent from this source.
BRK-0125,2026-03-07,ETHUSD,coinbase,missing_date,high,,,,,source_unavailable_for_date; rely_on_other_valid_sources,source_gap_or_failed_ingestion,True,Date is present in the union calendar but absent from this source.
BRK-0126,2026-03-08,ETHUSD,coinbase,missing_date,high,,,,,source_unavailable_for_date; rely_on_other_valid_sources,source_gap_or_failed_ingestion,True,Date is present in the union calendar but absent from this source.
BRK-0127,2026-03-09,ETHUSD,coinbase,missing_date,high,,,,,source_unavailable_for_date; rely_on_other_valid_sources,source_gap_or_failed_ingestion,True,Date is present in the union calendar but absent from this source.
BRK-0128,2026-03-10,ETHUSD,binance,invalid_ohlc,critical,ohlc,O=3191.36;H=386.98;L=3159.04;C=3224.82,,,blocked_as_price_source_for_date,high_below_low,False,Candle fails automatic price validity rules.
BRK-0129,2026-03-10,ETHUSD,coinbase,missing_date,high,,,,,source_unavailable_for_date; rely_on_other_valid_sources,source_gap_or_failed_ingestion,True,Date is present in the union calendar but absent from this source.
BRK-0130,2026-03-23,ETHUSD,binance,exact_duplicate_row,medium,,,,,dropped_exact_duplicate_keep_first,duplicate_ingestion_or_file_append,False,Exact duplicate raw row removed idempotently.
BRK-0131,2026-04-08,ETHUSD,coinbase,invalid_ohlc,critical,ohlc,O=2504.63;H=2526.49;L=2496.58;C=0.0,,,blocked_as_price_source_for_date,nonpositive_price,False,Candle fails automatic price validity rules.
BRK-0132,2026-04-11,ETHUSD,reference,material_close_disagreement,medium,close,2804.52000000,2763.45500000,1.4860,not_used_without_independent_corroboration,reference_feed_outlier_likely_if_venues_agree,False,Absolute deviation from robust cross-source median exceeds 0.50%.
