date,asset,open,high,low,close,volume_base,source,confidence
2026-01-01,BTCUSD,91996.20000000,92712.67000000,87509.33000000,90382.57000000,9603.69610000,kraken,ok
2026-01-02,BTCUSD,90359.22000000,93567.83000000,89875.56000000,92462.07000000,20646.63730000,kraken,ok
2026-01-03,BTCUSD,92496.31000000,92543.98000000,88186.34000000,90493.77000000,10946.32380000,kraken,ok
2026-01-04,BTCUSD,90503.42000000,90615.21000000,89241.13000000,89787.29000000,12072.85620000,kraken,ok
2026-01-05,BTCUSD,89785.40000000,91082.78000000,89291.27000000,89770.97000000,13089.69710000,kraken,ok
2026-01-06,BTCUSD,89774.12000000,91050.07000000,86790.01000000,88021.50000000,9834.56860000,kraken,ok
2026-01-07,BTCUSD,87966.68000000,93831.71000000,86986.40000000,93204.55000000,20765.44820000,kraken,ok
2026-01-08,BTCUSD,93229.86000000,98396.70000000,92253.65000000,96598.82000000,12238.38230000,kraken,ok
2026-01-09,BTCUSD,96639.09000000,98560.34000000,95996.21000000,98345.01000000,14669.26170000,kraken,ok
2026-01-10,BTCUSD,98330.37000000,98502.52000000,96754.83000000,96937.99000000,17252.34350000,kraken,ok
2026-01-11,BTCUSD,96929.89000000,98660.80000000,94315.17000000,95576.79000000,12144.59160000,kraken,ok
2026-01-12,BTCUSD,95585.50000000,98055.71000000,93944.05000000,95243.49000000,20597.93090000,kraken,ok
2026-01-13,BTCUSD,95250.88000000,96359.29000000,93840.90000000,95378.25000000,19710.13470000,kraken,ok
2026-01-14,BTCUSD,95376.92000000,97422.04000000,95016.28000000,96023.80000000,22409.63670000,kraken,ok
2026-01-15,BTCUSD,95996.52000000,98383.44000000,95432.69000000,96467.59000000,11506.68570000,kraken,ok
2026-01-16,BTCUSD,96464.52000000,98125.93000000,94015.35000000,95309.36000000,13651.68020000,kraken,ok
2026-01-17,BTCUSD,95313.84000000,98510.91000000,95121.00000000,98467.00000000,23362.56610000,kraken,ok
2026-01-18,BTCUSD,98489.43000000,98670.67000000,97478.30000000,97855.49000000,8748.74210000,kraken,ok
2026-01-19,BTCUSD,97807.76000000,98229.41000000,94449.25000000,94770.16000000,16144.86620000,kraken,ok
2026-01-20,BTCUSD,94825.43000000,100060.49000000,93248.44000000,99238.46000000,14662.05540000,kraken,ok
2026-01-21,BTCUSD,99240.82000000,100437.34000000,97996.64000000,98437.70000000,19468.54870000,kraken,ok
2026-01-22,BTCUSD,98396.11000000,98892.85000000,94941.41000000,95342.60000000,10708.60810000,kraken,ok
2026-01-23,BTCUSD,95338.61000000,97345.92000000,94251.83000000,94636.08000000,18657.31130000,kraken,ok
2026-01-24,BTCUSD,94631.20000000,95964.95000000,92728.73000000,94691.64000000,17683.99810000,kraken,ok
2026-01-25,BTCUSD,94733.88000000,96887.29000000,93212.22000000,93406.54000000,17297.96900000,kraken,ok
2026-01-26,BTCUSD,93406.33000000,93803.87000000,87539.66000000,89978.81000000,22756.66570000,kraken,ok
2026-01-27,BTCUSD,89953.28000000,93275.06000000,87709.63000000,88274.48000000,20160.95430000,kraken,ok
2026-01-28,BTCUSD,88274.77000000,88576.69000000,86315.85000000,86826.36000000,15455.64440000,kraken,ok
2026-01-29,BTCUSD,86833.12000000,90034.44000000,86634.97000000,89458.27000000,22903.24660000,kraken,ok
2026-01-30,BTCUSD,89447.23000000,91182.48000000,87583.81000000,90899.61000000,15026.88410000,kraken,ok
2026-01-31,BTCUSD,90883.06000000,91786.19000000,88157.38000000,90011.49000000,22189.36040000,kraken,ok
2026-02-01,BTCUSD,90070.90000000,90602.76000000,87501.02000000,88122.72000000,11643.61310000,kraken,ok
2026-02-02,BTCUSD,88096.48000000,88973.67000000,86536.71000000,87641.31000000,19625.17140000,kraken,ok
2026-02-03,BTCUSD,87610.38000000,90201.30000000,86774.85000000,89546.26000000,14922.01740000,kraken,ok
2026-02-04,BTCUSD,89589.34000000,91509.36000000,88399.19000000,90826.49000000,22499.66370000,kraken,ok
2026-02-05,BTCUSD,90789.72000000,93241.16000000,88562.13000000,92519.50000000,14845.19380000,kraken,ok
2026-02-06,BTCUSD,92505.30000000,92844.99000000,90648.73000000,91990.66000000,19076.21990000,kraken,ok
2026-02-07,BTCUSD,92046.44000000,93443.50000000,89656.88000000,91686.01000000,9574.13410000,kraken,ok
2026-02-08,BTCUSD,91659.02000000,93677.71000000,88471.06000000,89450.11000000,15526.93580000,kraken,ok
2026-02-09,BTCUSD,89477.73000000,91672.87000000,88223.98000000,88448.78000000,17138.57420000,kraken,ok
2026-02-10,BTCUSD,88405.26000000,89229.29000000,87761.55000000,88556.51000000,13931.13020000,kraken,ok
2026-02-11,BTCUSD,88600.83000000,88942.12000000,86064.42000000,86200.85000000,17199.84540000,kraken,ok
2026-02-12,BTCUSD,86183.45000000,86887.21000000,85257.60000000,85897.99000000,12700.68490000,kraken,ok
2026-02-13,BTCUSD,85880.07000000,89297.28000000,83467.75000000,89005.00000000,13558.25850000,kraken,ok
2026-02-14,BTCUSD,89021.95000000,91602.25000000,86742.70000000,88099.99000000,14137.92610000,kraken,ok
2026-02-15,BTCUSD,88083.98000000,90490.97000000,84897.02000000,85889.88000000,17728.67440000,kraken,ok
2026-02-16,BTCUSD,85897.22000000,87196.98000000,85523.66000000,86672.39000000,8693.14950000,kraken,ok
2026-02-17,BTCUSD,86649.06000000,90421.11000000,84506.39000000,90249.40000000,13730.60860000,kraken,ok
2026-02-18,BTCUSD,90284.79000000,92210.96000000,87107.29000000,88913.62000000,18260.83620000,kraken,ok
2026-02-19,BTCUSD,88910.14000000,89122.17000000,86580.52000000,87231.51000000,8063.42670000,kraken,ok
2026-02-20,BTCUSD,87222.62000000,87953.74000000,84509.81000000,85024.65000000,19460.08210000,kraken,ok
2026-02-21,BTCUSD,85027.66000000,86610.26000000,84578.75000000,84825.69000000,13077.62260000,kraken,ok
2026-02-22,BTCUSD,84860.07000000,85069.32000000,81127.42000000,81891.41000000,21633.65530000,kraken,ok
2026-02-23,BTCUSD,81877.02000000,85029.07000000,81746.46000000,83725.82000000,19002.92590000,kraken,ok
2026-02-24,BTCUSD,83740.78000000,84942.81000000,81149.98000000,81296.80000000,11849.87460000,kraken,ok
2026-02-25,BTCUSD,81272.78000000,81501.05000000,79087.82000000,80234.59000000,15157.70870000,coinbase_ohlc+kraken_volume,adjusted
2026-02-26,BTCUSD,80213.80000000,80419.11000000,78738.29000000,79045.99000000,18163.78200000,kraken,ok
2026-02-27,BTCUSD,79052.14000000,81018.39000000,78009.75000000,78026.07000000,19169.64870000,kraken,ok
2026-02-28,BTCUSD,78026.81000000,79424.98000000,77531.35000000,79294.59000000,11077.31930000,kraken,ok
2026-03-01,BTCUSD,79319.37000000,80772.89000000,78848.15000000,79671.79000000,18578.41550000,kraken,ok
2026-03-02,BTCUSD,79649.51000000,80670.73000000,78834.70000000,78902.33000000,14028.65400000,kraken,ok
2026-03-03,BTCUSD,78896.37000000,79421.80000000,77563.50000000,77646.12000000,12688.63620000,kraken,ok
2026-03-04,BTCUSD,77664.99000000,77751.30000000,76239.25000000,77255.29000000,23012.04990000,kraken,ok
2026-03-05,BTCUSD,77236.48000000,80462.99000000,75827.81000000,79419.88000000,23002.35320000,kraken,ok
2026-03-06,BTCUSD,79460.21000000,79559.32000000,76142.02000000,77313.91000000,14736.02120000,kraken,ok
2026-03-07,BTCUSD,77313.86000000,77574.87000000,77013.68000000,77150.55000000,22434.95490000,kraken,ok
2026-03-08,BTCUSD,77130.54000000,77903.54000000,74545.44000000,76111.01000000,18181.56410000,kraken,ok
2026-03-09,BTCUSD,76072.72000000,76845.06000000,75766.96000000,76539.50000000,14281.44830000,kraken,ok
2026-03-10,BTCUSD,76578.89000000,78454.35000000,75176.87000000,75605.43000000,10280.59550000,kraken,ok
2026-03-11,BTCUSD,75623.83000000,76640.45000000,74564.14000000,75560.92000000,14904.96270000,kraken,ok
2026-03-12,BTCUSD,75549.24000000,78687.85000000,75417.47000000,77638.43000000,17908.08570000,kraken,ok
2026-03-13,BTCUSD,77615.94000000,78775.03000000,76653.57000000,76923.50000000,7604.67380000,kraken,ok
2026-03-14,BTCUSD,76930.80000000,78637.28000000,75959.43000000,76426.69000000,15654.08010000,kraken,ok
2026-03-15,BTCUSD,76416.14000000,77812.01000000,74121.72000000,75527.81000000,17447.15040000,kraken,ok
2026-03-16,BTCUSD,75556.25000000,79329.35000000,75339.59000000,77406.04000000,11260.87620000,kraken,ok
2026-03-17,BTCUSD,77407.50000000,79079.28000000,76955.70000000,78785.72000000,20619.58100000,kraken,ok
2026-03-18,BTCUSD,78761.10000000,79583.19000000,75522.06000000,76012.06000000,18210.50750000,kraken,ok
2026-03-19,BTCUSD,76025.93000000,78489.93000000,72974.92000000,77930.61000000,18850.03090000,kraken,ok
2026-03-20,BTCUSD,77911.40000000,79190.72000000,75519.93000000,75595.46000000,12852.64550000,kraken,ok
2026-03-21,BTCUSD,75631.49000000,76960.42000000,73908.40000000,74105.24000000,11705.42300000,kraken,ok
2026-03-22,BTCUSD,74095.49000000,75300.37000000,73316.68000000,74566.18000000,18572.69180000,kraken,ok
2026-03-23,BTCUSD,74565.99000000,74971.71000000,72687.94000000,74586.59000000,15519.19970000,kraken,ok
2026-03-24,BTCUSD,74569.32000000,76606.65000000,74007.75000000,76173.27000000,14888.65850000,kraken,ok
2026-03-25,BTCUSD,76171.44000000,76890.85000000,75959.30000000,76126.67000000,20618.98960000,kraken,ok
2026-03-26,BTCUSD,76156.44000000,76202.21000000,74574.29000000,75294.01000000,12958.10740000,kraken,ok
2026-03-27,BTCUSD,75272.35000000,76796.90000000,75159.74000000,75639.68000000,17939.09620000,kraken,ok
2026-03-28,BTCUSD,75658.86000000,77800.30000000,75600.70000000,76243.81000000,12342.77180000,kraken,ok
2026-03-29,BTCUSD,76243.56000000,76789.18000000,75064.42000000,76432.02000000,12033.35920000,kraken,ok
2026-03-30,BTCUSD,76410.33000000,79391.41000000,75990.15000000,78352.90000000,13661.40960000,kraken,ok
2026-03-31,BTCUSD,78340.08000000,79194.43000000,77225.77000000,78660.29000000,13866.17750000,kraken,ok
2026-04-01,BTCUSD,78691.23000000,79451.22000000,76721.53000000,77192.78000000,18671.64190000,kraken,ok
2026-04-02,BTCUSD,77170.17000000,79563.98000000,75546.23000000,76680.92000000,17646.79290000,kraken,ok
2026-04-03,BTCUSD,76707.36000000,77390.47000000,71755.97000000,73067.83000000,16312.99320000,kraken,ok
2026-04-04,BTCUSD,73027.14000000,75175.21000000,72949.52000000,73964.80000000,20346.90280000,kraken,ok
2026-04-05,BTCUSD,73968.08000000,75294.85000000,71619.44000000,71977.70000000,15193.97130000,kraken,ok
2026-04-06,BTCUSD,71975.20000000,72337.34000000,70899.98000000,71197.55000000,13397.37950000,kraken,ok
2026-04-07,BTCUSD,71200.20000000,72904.08000000,71068.37000000,71107.59000000,18048.70290000,kraken,ok
2026-04-08,BTCUSD,71115.97000000,71509.13000000,70861.38000000,71256.97000000,17852.62510000,kraken,ok
2026-04-09,BTCUSD,71241.71000000,72197.81000000,70811.46000000,70902.12000000,14390.60670000,kraken,ok
2026-04-10,BTCUSD,70917.12000000,73362.23000000,70618.66000000,72329.79000000,8887.35220000,kraken,ok
2026-04-11,BTCUSD,72329.18000000,72447.40000000,70400.72000000,71531.97000000,18170.90690000,kraken,adjusted
2026-04-12,BTCUSD,71545.58000000,72104.15000000,68767.11000000,69597.90000000,21301.40230000,kraken,ok
2026-04-13,BTCUSD,69573.51000000,70016.80000000,68029.23000000,68671.46000000,14230.99050000,kraken,ok
2026-04-14,BTCUSD,68710.72000000,69311.47000000,68018.98000000,68447.52000000,14203.54680000,kraken,ok
2026-04-15,BTCUSD,68429.43000000,69521.22000000,66357.96000000,66823.69000000,16720.49500000,kraken,ok
2026-04-16,BTCUSD,66822.88000000,66854.74000000,63896.19000000,64306.06000000,13068.29460000,kraken,ok
2026-04-17,BTCUSD,64284.78000000,67967.07000000,62980.87000000,67142.23000000,21816.48670000,kraken,ok
2026-04-18,BTCUSD,67148.94000000,67514.33000000,66576.31000000,66805.60000000,18820.59200000,kraken,ok
2026-04-19,BTCUSD,66802.90000000,68116.11000000,66232.41000000,67873.67000000,16783.22680000,kraken,ok
2026-04-20,BTCUSD,67903.51000000,69233.76000000,66263.93000000,69012.62000000,9126.48680000,kraken,ok
2026-04-21,BTCUSD,68983.35000000,69411.45000000,67252.80000000,67392.46000000,9378.32770000,kraken,ok
2026-04-22,BTCUSD,67394.66000000,68155.80000000,65407.93000000,65628.90000000,12002.73140000,kraken,ok
2026-04-23,BTCUSD,65639.69000000,67445.79000000,64884.80000000,66193.36000000,18258.99250000,kraken,ok
2026-04-24,BTCUSD,66204.44000000,66715.23000000,63807.84000000,64869.79000000,19783.37290000,kraken,ok
2026-04-25,BTCUSD,64852.82000000,66372.93000000,64335.22000000,65750.98000000,12571.98350000,kraken,ok
2026-04-26,BTCUSD,65766.52000000,68238.00000000,65330.66000000,68046.66000000,18946.38680000,kraken,ok
2026-04-27,BTCUSD,68035.82000000,68172.32000000,65450.12000000,66049.35000000,17983.01230000,kraken,ok
2026-04-28,BTCUSD,66035.82000000,66534.76000000,62325.38000000,63778.52000000,18397.33600000,kraken,ok
2026-04-29,BTCUSD,63793.53000000,66974.44000000,63480.79000000,65365.15000000,14864.91160000,kraken,ok
2026-04-30,BTCUSD,65387.79000000,67893.41000000,64349.18000000,67765.03000000,17475.71730000,kraken,ok
2026-01-01,ETHUSD,3298.38000000,3302.42000000,3144.60000000,3250.19000000,277180.49770000,kraken,ok
2026-01-02,ETHUSD,3251.25000000,3356.11000000,3211.39000000,3285.26000000,201210.22000000,kraken,ok
2026-01-03,ETHUSD,3283.67000000,3293.38000000,3082.74000000,3117.00000000,152227.61330000,kraken,ok
2026-01-04,ETHUSD,3116.98000000,3174.13000000,3070.31000000,3096.39000000,225781.67320000,kraken,ok
2026-01-05,ETHUSD,3096.71000000,3247.24000000,3062.53000000,3235.18000000,134166.23420000,kraken,ok
2026-01-06,ETHUSD,3235.57000000,3317.00000000,3106.81000000,3172.32000000,236950.67210000,kraken,ok
2026-01-07,ETHUSD,3171.17000000,3219.19000000,3093.91000000,3126.28000000,364773.56550000,kraken,ok
2026-01-08,ETHUSD,3127.55000000,3284.38000000,3080.99000000,3216.44000000,276025.06510000,kraken,ok
2026-01-09,ETHUSD,3215.59000000,3266.26000000,3124.06000000,3196.54000000,311486.23230000,kraken,ok
2026-01-10,ETHUSD,3196.81000000,3248.95000000,3134.64000000,3245.97000000,207050.01680000,kraken,ok
2026-01-11,ETHUSD,3246.73000000,3294.14000000,3120.36000000,3120.59000000,285821.18130000,kraken,ok
2026-01-12,ETHUSD,3119.44000000,3129.86000000,2917.92000000,3030.27000000,319844.69490000,kraken,ok
2026-01-13,ETHUSD,3032.19000000,3090.92000000,3024.73000000,3067.41000000,307862.68060000,kraken,ok
2026-01-14,ETHUSD,3067.28000000,3077.94000000,2994.65000000,3032.58000000,304609.07070000,kraken,ok
2026-01-15,ETHUSD,3032.80000000,3179.02000000,3030.40000000,3164.14000000,282783.25190000,kraken,ok
2026-01-16,ETHUSD,3162.87000000,3175.79000000,3109.75000000,3125.09000000,252230.81450000,kraken,ok
2026-01-17,ETHUSD,3125.48000000,3203.50000000,3101.63000000,3129.89000000,221721.98980000,kraken,ok
2026-01-18,ETHUSD,3130.18000000,3166.23000000,3041.62000000,3109.57000000,256593.00080000,kraken,ok
2026-01-19,ETHUSD,3110.16000000,3177.34000000,3091.71000000,3159.57000000,328905.61880000,kraken,ok
2026-01-20,ETHUSD,3157.94000000,3169.72000000,3049.17000000,3060.14000000,142544.95760000,kraken,ok
2026-01-21,ETHUSD,3060.14000000,3106.57000000,3043.85000000,3084.49000000,294295.76030000,kraken,ok
2026-01-22,ETHUSD,3085.93000000,3087.48000000,2954.86000000,3016.36000000,131668.78100000,kraken,ok
2026-01-23,ETHUSD,3015.58000000,3053.88000000,2944.86000000,3044.61000000,178680.98960000,kraken,ok
2026-01-24,ETHUSD,3044.79000000,3064.56000000,2968.83000000,2970.42000000,277981.73020000,kraken,ok
2026-01-25,ETHUSD,2970.94000000,3097.43000000,2945.73000000,3070.52000000,326757.19000000,kraken,ok
2026-01-26,ETHUSD,3070.19000000,3144.94000000,2924.92000000,2944.50000000,141737.84840000,kraken,ok
2026-01-27,ETHUSD,2944.01000000,3056.65000000,2854.70000000,2980.08000000,353270.84320000,kraken,ok
2026-01-28,ETHUSD,2980.91000000,3147.10000000,2980.52000000,3054.24000000,311753.24340000,kraken,ok
2026-01-29,ETHUSD,3053.78000000,3093.97000000,2869.77000000,2923.93000000,150022.64550000,kraken,ok
2026-01-30,ETHUSD,2924.63000000,3003.87000000,2907.20000000,2914.38000000,199077.93150000,kraken,ok
2026-01-31,ETHUSD,2913.46000000,2943.79000000,2906.71000000,2935.40000000,150941.73550000,kraken,ok
2026-02-01,ETHUSD,2936.15000000,3049.06000000,2915.64000000,2998.97000000,159539.50440000,kraken,ok
2026-02-02,ETHUSD,2996.96000000,3126.22000000,2978.65000000,3016.33000000,357527.93960000,kraken,ok
2026-02-03,ETHUSD,3016.22000000,3103.47000000,3002.90000000,3086.88000000,277967.50120000,kraken,ok
2026-02-04,ETHUSD,3089.15000000,3100.16000000,3019.79000000,3082.11000000,309958.31910000,kraken,ok
2026-02-05,ETHUSD,3080.00000000,3101.48000000,3073.54000000,3080.13000000,139140.63490000,kraken,ok
2026-02-06,ETHUSD,3081.53000000,3153.54000000,2954.63000000,3074.57000000,145452.80130000,kraken,ok
2026-02-07,ETHUSD,3073.58000000,3159.50000000,3048.20000000,3152.35000000,169868.42580000,kraken,ok
2026-02-08,ETHUSD,3152.01000000,3247.53000000,3055.89000000,3214.08000000,306807.88910000,kraken,ok
2026-02-09,ETHUSD,3215.80000000,3255.20000000,3086.35000000,3179.63000000,199751.61770000,kraken,ok
2026-02-10,ETHUSD,3178.55000000,3265.81000000,3140.86000000,3237.68000000,345448.62520000,kraken,ok
2026-02-11,ETHUSD,3237.35000000,3294.06000000,3219.05000000,3253.62000000,260485.51200000,kraken,ok
2026-02-12,ETHUSD,3254.26000000,3290.11000000,3253.83000000,3267.67000000,184941.56300000,kraken,ok
2026-02-13,ETHUSD,3268.93000000,3302.01000000,3159.92000000,3167.06000000,264395.83030000,kraken,ok
2026-02-14,ETHUSD,3165.83000000,3201.56000000,3082.85000000,3146.67000000,177585.84180000,kraken,ok
2026-02-15,ETHUSD,3146.22000000,3179.65000000,3104.63000000,3152.64000000,158890.41190000,kraken,ok
2026-02-16,ETHUSD,3152.59000000,3205.39000000,2957.45000000,3030.86000000,374539.04350000,kraken,ok
2026-02-17,ETHUSD,3030.37000000,3087.88000000,2918.92000000,2998.26000000,295907.49360000,kraken,ok
2026-02-18,ETHUSD,3000.22000000,3071.22000000,2987.01000000,3039.65000000,233625.62370000,kraken,ok
2026-02-19,ETHUSD,3039.42000000,3190.58000000,3036.31000000,3121.07000000,205915.55490000,kraken,ok
2026-02-20,ETHUSD,3120.40000000,3140.92000000,2994.77000000,3045.21000000,230777.56060000,kraken,ok
2026-02-21,ETHUSD,3044.92000000,3066.49000000,2851.16000000,2905.19000000,172610.44930000,kraken,ok
2026-02-22,ETHUSD,2906.48000000,2921.96000000,2884.74000000,2912.75000000,309532.04710000,kraken,ok
2026-02-23,ETHUSD,2911.62000000,3064.04000000,2889.03000000,2987.65000000,320104.09650000,kraken,ok
2026-02-24,ETHUSD,2986.69000000,3059.88000000,2910.99000000,2940.00000000,264719.72550000,kraken,ok
2026-02-25,ETHUSD,2943.33000000,3067.42000000,2939.14000000,3002.97000000,281668.48770000,coinbase_ohlc+kraken_volume,adjusted
2026-02-26,ETHUSD,2999.57000000,3023.95000000,2924.25000000,2986.58000000,372105.85360000,kraken,ok
2026-02-27,ETHUSD,2987.88000000,3222.21000000,2953.43000000,3096.61000000,218076.93990000,kraken,ok
2026-02-28,ETHUSD,3097.46000000,3159.56000000,3089.85000000,3120.37000000,282618.01030000,kraken,ok
2026-03-01,ETHUSD,3118.66000000,3126.54000000,3033.96000000,3098.62000000,145720.69090000,kraken,ok
2026-03-02,ETHUSD,3098.37000000,3122.33000000,3035.51000000,3038.65000000,321502.13370000,kraken,ok
2026-03-03,ETHUSD,3039.51000000,3085.02000000,3015.60000000,3025.71000000,316690.97010000,kraken,ok
2026-03-04,ETHUSD,3026.45000000,3245.80000000,2988.81000000,3185.34000000,199857.85990000,kraken,ok
2026-03-05,ETHUSD,3183.21000000,3192.44000000,3134.84000000,3158.95000000,353537.01420000,kraken,ok
2026-03-06,ETHUSD,3158.90000000,3210.80000000,3072.76000000,3133.62000000,311692.05250000,kraken,ok
2026-03-07,ETHUSD,3134.75000000,3185.06000000,3071.48000000,3135.53000000,347897.45020000,kraken,ok
2026-03-08,ETHUSD,3134.52000000,3286.62000000,3094.48000000,3239.52000000,232437.02050000,kraken,ok
2026-03-09,ETHUSD,3241.59000000,3310.04000000,3113.36000000,3190.33000000,341585.36470000,kraken,ok
2026-03-10,ETHUSD,3188.30000000,3289.16000000,3156.00000000,3221.72000000,241121.99670000,kraken,ok
2026-03-11,ETHUSD,3224.01000000,3358.24000000,3172.92000000,3213.57000000,232628.59440000,kraken,ok
2026-03-12,ETHUSD,3212.06000000,3218.11000000,3060.77000000,3079.39000000,293309.07900000,kraken,ok
2026-03-13,ETHUSD,3079.49000000,3154.82000000,3025.68000000,3065.45000000,236240.81620000,kraken,ok
2026-03-14,ETHUSD,3065.43000000,3107.97000000,3025.51000000,3060.49000000,277717.09810000,kraken,ok
2026-03-15,ETHUSD,3060.63000000,3143.17000000,2990.62000000,3135.76000000,206737.13470000,kraken,ok
2026-03-16,ETHUSD,3136.63000000,3222.45000000,3115.78000000,3181.61000000,120047.20130000,kraken,ok
2026-03-17,ETHUSD,3182.04000000,3207.50000000,2978.44000000,2991.73000000,332250.55050000,kraken,ok
2026-03-18,ETHUSD,2990.47000000,3162.30000000,2874.99000000,3095.43000000,317420.89300000,kraken,ok
2026-03-19,ETHUSD,3096.77000000,3264.26000000,3086.03000000,3207.18000000,146393.88550000,kraken,ok
2026-03-20,ETHUSD,3205.46000000,3273.73000000,2957.16000000,3003.20000000,218498.79860000,kraken,ok
2026-03-21,ETHUSD,3002.59000000,3088.81000000,2820.87000000,2901.60000000,279512.48840000,kraken,ok
2026-03-22,ETHUSD,2902.85000000,2953.64000000,2844.28000000,2915.40000000,125271.56920000,kraken,ok
2026-03-23,ETHUSD,2915.23000000,2966.50000000,2758.54000000,2801.81000000,298061.26280000,kraken,ok
2026-03-24,ETHUSD,2801.96000000,2889.13000000,2755.35000000,2769.34000000,306936.07340000,kraken,ok
2026-03-25,ETHUSD,2769.95000000,2832.32000000,2707.02000000,2716.90000000,304069.47250000,kraken,ok
2026-03-26,ETHUSD,2717.08000000,2742.44000000,2636.28000000,2651.09000000,135573.51940000,kraken,ok
2026-03-27,ETHUSD,2649.46000000,2710.97000000,2626.08000000,2696.62000000,272894.42290000,kraken,ok
2026-03-28,ETHUSD,2696.57000000,2741.79000000,2628.09000000,2739.55000000,274835.21880000,kraken,ok
2026-03-29,ETHUSD,2740.84000000,2750.87000000,2646.20000000,2667.26000000,341045.63900000,kraken,ok
2026-03-30,ETHUSD,2666.06000000,2730.47000000,2593.52000000,2675.57000000,202079.01420000,kraken,ok
2026-03-31,ETHUSD,2677.21000000,2744.49000000,2663.47000000,2701.37000000,357636.44300000,kraken,ok
2026-04-01,ETHUSD,2701.02000000,2767.45000000,2651.92000000,2714.53000000,143556.99940000,kraken,ok
2026-04-02,ETHUSD,2714.22000000,2725.56000000,2571.57000000,2665.84000000,275505.07190000,kraken,ok
2026-04-03,ETHUSD,2665.39000000,2675.24000000,2549.23000000,2556.37000000,140167.55360000,kraken,ok
2026-04-04,ETHUSD,2555.80000000,2587.11000000,2449.34000000,2503.09000000,252886.03790000,kraken,ok
2026-04-05,ETHUSD,2502.90000000,2663.88000000,2486.34000000,2613.54000000,350974.85180000,kraken,ok
2026-04-06,ETHUSD,2614.17000000,2685.17000000,2512.04000000,2528.66000000,245026.09340000,kraken,ok
2026-04-07,ETHUSD,2529.29000000,2542.85000000,2476.54000000,2502.83000000,136556.82760000,kraken,ok
2026-04-08,ETHUSD,2503.45000000,2525.30000000,2495.40000000,2503.51000000,151314.10770000,kraken,ok
2026-04-09,ETHUSD,2501.91000000,2702.00000000,2491.88000000,2637.71000000,132487.34380000,kraken,ok
2026-04-10,ETHUSD,2637.39000000,2759.15000000,2620.48000000,2737.19000000,177356.34630000,kraken,ok
2026-04-11,ETHUSD,2737.87000000,2802.66000000,2702.30000000,2761.65000000,175152.25680000,kraken,adjusted
2026-04-12,ETHUSD,2761.84000000,2885.10000000,2679.17000000,2841.36000000,274073.12370000,kraken,ok
2026-04-13,ETHUSD,2842.18000000,2894.23000000,2730.46000000,2759.51000000,305663.39400000,kraken,ok
2026-04-14,ETHUSD,2759.80000000,2810.34000000,2746.08000000,2751.65000000,332322.62860000,kraken,ok
2026-04-15,ETHUSD,2750.84000000,2881.52000000,2704.11000000,2827.90000000,304444.48230000,kraken,ok
2026-04-16,ETHUSD,2827.68000000,2836.10000000,2792.51000000,2818.14000000,167881.86190000,kraken,ok
2026-04-17,ETHUSD,2817.62000000,2849.67000000,2804.28000000,2839.52000000,258310.04220000,kraken,ok
2026-04-18,ETHUSD,2840.44000000,2886.88000000,2805.32000000,2815.34000000,160129.30160000,kraken,ok
2026-04-19,ETHUSD,2815.45000000,2843.22000000,2592.79000000,2691.21000000,305684.82280000,kraken,ok
2026-04-20,ETHUSD,2690.44000000,2748.24000000,2607.28000000,2630.07000000,128116.83750000,kraken,ok
2026-04-21,ETHUSD,2630.76000000,2638.64000000,2518.00000000,2564.55000000,208584.41520000,kraken,ok
2026-04-22,ETHUSD,2563.89000000,2573.12000000,2407.68000000,2471.94000000,184064.18230000,kraken,ok
2026-04-23,ETHUSD,2472.66000000,2515.45000000,2459.82000000,2465.69000000,172821.71190000,kraken,ok
2026-04-24,ETHUSD,2464.89000000,2588.28000000,2410.75000000,2580.36000000,266166.71980000,kraken,ok
2026-04-25,ETHUSD,2580.22000000,2616.70000000,2459.36000000,2480.37000000,206574.53680000,kraken,ok
2026-04-26,ETHUSD,2481.49000000,2501.39000000,2473.72000000,2496.56000000,358516.23810000,kraken,ok
2026-04-27,ETHUSD,2495.20000000,2524.36000000,2453.63000000,2490.85000000,352873.28320000,kraken,ok
2026-04-28,ETHUSD,2490.66000000,2553.96000000,2488.70000000,2545.50000000,227409.36280000,kraken,ok
2026-04-29,ETHUSD,2546.12000000,2568.70000000,2461.17000000,2468.64000000,301756.65150000,kraken,ok
2026-04-30,ETHUSD,2468.45000000,2481.42000000,2393.92000000,2411.01000000,253403.79130000,kraken,ok
